split,model,origin,n_points,mase,pinball_mean,coverage_80,mean_width_80
val,seasonal_naive,85,4200,1.2250685691833496,4725.8672919301835,0.7102380952380952,35493.14453125
val,lightgbm_quantile,85,4200,0.9578092876732597,3362.3150464966293,0.7659523809523809,32800.7009252799
val,chronos2,85,4200,0.9933401942253113,3528.3857320963543,0.7104761904761905,29272.048828125
val,seasonal_naive,92,4200,1.278999924659729,4996.657332356771,0.6823809523809524,36395.43359375
val,lightgbm_quantile,92,4200,0.8410202468832615,3010.3155993217356,0.8007142857142857,30631.498100632984
val,chronos2,92,4200,0.8454123139381409,3071.624157585023,0.7535714285714286,28906.564453125
test,seasonal_naive,100,4200,1.0278422832489014,4060.2966017252606,0.7723809523809524,37466.23046875
test,lightgbm_quantile,100,4200,0.6478190953374099,2412.1638463285267,0.784047619047619,23277.41780475769
test,chronos2,100,4200,0.6469645500183105,2439.411626187764,0.74,24779.189453125
test,seasonal_naive,107,4200,0.834575355052948,3403.3393502759172,0.840952380952381,37535.30078125
test,lightgbm_quantile,107,4200,0.5594254120718757,2149.0670854139094,0.7552380952380953,17137.283878909413
test,chronos2,107,4200,0.56916344165802,2208.5289584127763,0.7426190476190476,23785.2109375
