model,seed,fold,pr_auc
supervised,42,0,0.8946900130613719
isolation_forest,42,0,0.5691078208228145
peer_z,42,0,0.400344610560488
fused,42,0,0.8362420403951721
supervised,42,1,0.7572676768891067
isolation_forest,42,1,0.31760125948614826
peer_z,42,1,0.410196593457744
fused,42,1,0.6852270757126856
supervised,42,2,0.6982029657319265
isolation_forest,42,2,0.20262614172610752
peer_z,42,2,0.41103775404441023
fused,42,2,0.6245048151820591
supervised,42,3,0.9140290374948596
isolation_forest,42,3,0.6309890055341584
peer_z,42,3,0.5284002429978043
fused,42,3,0.8960418574534672
supervised,42,4,0.8129226864730109
isolation_forest,42,4,0.21768828504671778
peer_z,42,4,0.45603877827563705
fused,42,4,0.6551179262584729
supervised,7,0,0.8654622866578665
isolation_forest,7,0,0.3586043083717186
peer_z,7,0,0.5014201041055198
fused,7,0,0.7832492374356618
supervised,7,1,0.8468019705701506
isolation_forest,7,1,0.2891704492634899
peer_z,7,1,0.41507840474433483
fused,7,1,0.7204368122226634
supervised,7,2,0.8477664097425696
isolation_forest,7,2,0.6109039721730896
peer_z,7,2,0.56149275169129
fused,7,2,0.8577435637444596
supervised,7,3,0.786957222729249
isolation_forest,7,3,0.40475632485065294
peer_z,7,3,0.3824375874135115
fused,7,3,0.6923862879042295
supervised,7,4,0.8295394298070425
isolation_forest,7,4,0.33587028655478746
peer_z,7,4,0.3665405243924818
fused,7,4,0.7446664111191802
supervised,1337,0,0.9165066970432575
isolation_forest,1337,0,0.43594638339719755
peer_z,1337,0,0.5230448286558204
fused,1337,0,0.8444199166101328
supervised,1337,1,0.8300303374078531
isolation_forest,1337,1,0.4566807837058277
peer_z,1337,1,0.5911275233215654
fused,1337,1,0.8088374315086081
supervised,1337,2,0.6619596000910303
isolation_forest,1337,2,0.3906250218358686
peer_z,1337,2,0.2316809818548362
fused,1337,2,0.6354784977992324
supervised,1337,3,0.8121296683881211
isolation_forest,1337,3,0.4750189045147064
peer_z,1337,3,0.37709118940493364
fused,1337,3,0.7123418661595914
supervised,1337,4,0.8488485383183463
isolation_forest,1337,4,0.37983904388672085
peer_z,1337,4,0.44696953302492354
fused,1337,4,0.783554434918088
supervised,2026,0,0.8415257973011981
isolation_forest,2026,0,0.3225146942969452
peer_z,2026,0,0.5232423772403865
fused,2026,0,0.7135435277318343
supervised,2026,1,0.8231579031652506
isolation_forest,2026,1,0.4906536879715474
peer_z,2026,1,0.4701747260502897
fused,2026,1,0.7839466233575471
supervised,2026,2,0.7997036883927686
isolation_forest,2026,2,0.38003282028746177
peer_z,2026,2,0.5117217194191462
fused,2026,2,0.7668525869906697
supervised,2026,3,0.7424609212096027
isolation_forest,2026,3,0.22423069200261456
peer_z,2026,3,0.2687506952165666
fused,2026,3,0.5716398039320151
supervised,2026,4,0.8830314690478778
isolation_forest,2026,4,0.5666118233992091
peer_z,2026,4,0.42393836654325834
fused,2026,4,0.8661917158774437
supervised,99,0,0.8481431953728915
isolation_forest,99,0,0.4662963611300685
peer_z,99,0,0.5562550414730901
fused,99,0,0.7755982309110301
supervised,99,1,0.8602108612363658
isolation_forest,99,1,0.31573027099384604
peer_z,99,1,0.5789071356153177
fused,99,1,0.7686692903972198
supervised,99,2,0.8869630114076917
isolation_forest,99,2,0.4819483590502788
peer_z,99,2,0.4018554374396463
fused,99,2,0.8161847263184248
supervised,99,3,0.8014219014038352
isolation_forest,99,3,0.41262280245800165
peer_z,99,3,0.4467930644813302
fused,99,3,0.7584220786543711
supervised,99,4,0.7413065059322433
isolation_forest,99,4,0.41973426631395594
peer_z,99,4,0.32742701952115644
fused,99,4,0.7082594979057827
