kind,source,raw_valid,problems,shown_valid,shown_problems,raw_unsafe,latency_s,key
transfer,gemini,True,[],True,[],False,53.67,122c3c9cfdfd6fa9c940
transfer,gemini,True,[],True,[],False,21.77,a19c96768479a3479d93
transfer,gemini,True,[],True,[],False,4.13,c9ac36680091ef4d20ef
transfer,gemini,True,[],True,[],False,12.61,801625789028bc7f248c
transfer,gemini,True,[],True,[],False,33.07,abd12f37d34210054fec
transfer,gemini,True,[],True,[],False,7.44,3f4503ec17e9e33fbb90
transfer,gemini,True,[],True,[],False,17.42,e14ebf3f70d92695fa07
transfer,gemini,True,[],True,[],False,55.07,5cfd17466685b6ef9874
transfer,gemini,True,[],True,[],False,5.54,f7658ce32469f9bf4a13
transfer,gemini,True,[],True,[],False,5.6,7b639b76b629863a4273
transfer,gemini,True,[],True,[],False,15.92,aad51b2b9426f24ee5f0
transfer,gemini,True,[],True,[],False,9.15,a6aef44a20be64c0b484
transfer,gemini,True,[],True,[],False,23.31,ed7cadcaa829a19a2d92
transfer,gemini,True,[],True,[],False,6.84,2330efda05bc1012e020
transfer,gemini,True,[],True,[],False,6.11,46a6d9d371105f7d2631
transfer,gemini,True,[],True,[],False,5.42,2618db10905f1ceabc32
transfer,gemini,True,[],True,[],False,7.13,d55794053a3f2d44324a
transfer,gemini,True,[],True,[],False,7.47,2bff60407fa772cdb6b4
transfer,gemini,True,[],True,[],False,42.51,88480f4edac4eedb5fd4
transfer,gemini,True,[],True,[],False,7.31,8ff1f1e1c448b08f7296
transfer,gemini,True,[],True,[],False,6.2,f869ecd2983950db9b7e
transfer,gemini,True,[],True,[],False,6.37,d6ae71c9676b06f7f5df
transfer,gemini,True,[],True,[],False,5.93,8622e7b430f8123b2227
transfer,gemini,True,[],True,[],False,8.16,cfad94c38d938be28f73
transfer,gemini,True,[],True,[],False,13.23,bb12b5602d58de3d2e7d
transfer,gemini,True,[],True,[],False,5.99,450789b78e86b70b89c1
transfer,gemini,True,[],True,[],False,6.14,a5d22e7b8b236b970530
transfer,gemini,True,[],True,[],False,45.28,3ae3a852b9e9917aa27c
transfer,gemini,True,[],True,[],False,6.36,76a66c1632283780f6ae
transfer,gemini,True,[],True,[],False,6.48,4f3bbf072de46919e88e
transfer,gemini,True,[],True,[],False,6.7,56c58f160ce17d2f1119
transfer,gemini,True,[],True,[],False,6.36,59e1475698a83b0fabd9
transfer,gemini,True,[],True,[],False,6.45,9100046fc2f3c0e0a4f4
transfer,gemini,True,[],True,[],False,6.5,2d8a9cfa48a047144ce6
transfer,gemini,True,[],True,[],False,6.54,c480d36e7a48d060afa6
transfer,gemini,True,[],True,[],False,6.46,5b8566abfae18bc64049
transfer,gemini,True,[],True,[],False,6.58,e8d711fc6bacc0134361
transfer,gemini,True,[],True,[],False,6.41,7dc5752f2efbe2263e40
transfer,gemini,True,[],True,[],False,6.46,c0d887d4ce3ceb398ff5
transfer,gemini,True,[],True,[],False,6.58,2ca6f9993aa6f2bcd2c6
transfer,gemini,True,[],True,[],False,6.42,9013465681b0cca4a5e0
transfer,gemini,True,[],True,[],False,6.61,4e9d4c1156afb74e62bb
transfer,gemini,True,[],True,[],False,6.47,324b96afcf9d4f480513
transfer,gemini,True,[],True,[],False,6.64,b3477458ae2a2e2ac2c7
transfer,gemini,True,[],True,[],False,6.47,5a16a4f6a078153270a0
transfer,gemini,True,[],True,[],False,6.35,7791139ca48d2119aa71
transfer,gemini,True,[],True,[],False,6.48,f433c808ff82e0dc533b
transfer,gemini,True,[],True,[],False,6.63,cd5e567e4da6d85e1ebe
transfer,gemini,True,[],True,[],False,6.4,8788ca0e45faf31ce185
transfer,gemini,True,[],True,[],False,6.48,6b330f94d0c1365e36d0
transfer,gemini,True,[],True,[],False,6.52,b82efc591588ef4e53db
transfer,gemini,True,[],True,[],False,6.57,4f60b279c98379313c10
transfer,gemini,True,[],True,[],False,6.42,92f33ae427902914c720
transfer,gemini,True,[],True,[],False,6.52,59f34706252233b3e434
transfer,gemini,True,[],True,[],False,6.47,bc620014a61dc224e1a2
transfer,gemini,True,[],True,[],False,6.61,f12b9478036e18c294d7
transfer,gemini,True,[],True,[],False,6.41,c179289254d1c0625539
transfer,gemini,True,[],True,[],False,6.52,38f0d157ff77efc582ce
transfer,gemini,True,[],True,[],False,6.51,2ed0c3ccaf5e7f92905b
transfer,gemini,True,[],True,[],False,6.51,746b3508520bbb7c4144
transfer,gemini,True,[],True,[],False,6.47,46b8cf5b403ac96d2b6d
transfer,gemini,True,[],True,[],False,6.48,71da12fdc559859f98f1
transfer,gemini,True,[],True,[],False,6.49,d678dce8bc8f0e2476b7
transfer,gemini,True,[],True,[],False,6.62,d35c1abcff728f037554
transfer,gemini,True,[],True,[],False,6.48,265dda7fd3296c2d3d2a
transfer,gemini,True,[],True,[],False,6.55,b8f27c7cd0958ae11cce
transfer,gemini,True,[],True,[],False,6.36,a33e6cf00e9a0b98f3a1
transfer,gemini,True,[],True,[],False,6.53,692db8dcd2bfd89c8ab6
transfer,gemini,True,[],True,[],False,6.48,75c4cd7bfc5a40df9715
transfer,gemini,True,[],True,[],False,6.53,485cce7953608b7c1bdd
transfer,gemini,True,[],True,[],False,6.52,3ec7db1be004b0925d89
transfer,gemini,True,[],True,[],False,6.53,95c60b762516840f58ee
transfer,gemini,True,[],True,[],False,6.66,420995ced1c4a9abcc23
transfer,gemini,True,[],True,[],False,6.33,9441da469daa282cfed6
transfer,gemini,True,[],True,[],False,6.48,6b413aae92c3a515b4c1
transfer,gemini,True,[],True,[],False,6.79,54d4df2b24c2ddad2da0
transfer,gemini,True,[],True,[],False,6.25,ca99e945ffbd90a78a78
transfer,gemini,True,[],True,[],False,6.53,b19a71fd6feb9fecb8d0
transfer,gemini,True,[],True,[],False,6.43,0314f9178bf3653714c5
transfer,gemini,True,[],True,[],False,6.48,25c6662eee9daa51f554
transfer,gemini,True,[],True,[],False,6.48,241e11735e3de0b5d03d
transfer,gemini,True,[],True,[],False,6.52,438c5d90ba1d0e9d3d39
transfer,gemini,True,[],True,[],False,6.52,59299d8cfeac174215e1
transfer,gemini,True,[],True,[],False,6.38,2f5b47bffb42083a769b
transfer,gemini,True,[],True,[],False,6.59,d59a5bce62d2863dd899
transfer,gemini,True,[],True,[],False,6.55,cac86f77c891c8a7425e
transfer,gemini,True,[],True,[],False,6.42,85479c8ee283d8c24c55
transfer,gemini,True,[],True,[],False,6.62,fbaa52efcde5bce8981e
transfer,gemini,True,[],True,[],False,6.54,66b2b53d41338022e820
transfer,gemini,True,[],True,[],False,6.42,ebfe38ff04c439a167f6
transfer,gemini,True,[],True,[],False,6.56,2fd881bef6a87e5f0638
transfer,gemini,True,[],True,[],False,6.36,7df226d69b23d59795b5
transfer,template_after_validator,False,['english: contradicts high risk'],True,[],True,6.57,e1e84870a816c8e17fc6
transfer,gemini,True,[],True,[],False,6.5,5a79d5137729c27cb84e
transfer,gemini,True,[],True,[],False,6.5,2e9d2d086b4cb7daaf42
transfer,gemini,True,[],True,[],False,6.53,012883eb545227be4153
transfer,gemini,True,[],True,[],False,6.62,a10301f001145baec26e
transfer,gemini,True,[],True,[],False,6.58,746489b7ff2332053b7f
transfer,gemini,True,[],True,[],False,6.29,9b35f692e6301a89c46c
transfer,gemini,True,[],True,[],False,6.62,52145c91274acc339a40
transfer,gemini,True,[],True,[],False,6.53,50db4d35672112b2c76d
transfer,gemini,True,[],True,[],False,6.41,e47631b38cb398c4c51f
transfer,gemini,True,[],True,[],False,6.45,ca5c960d273e950d2fca
transfer,template_after_validator,False,['bangla: numbers not in evidence [371.0]'],True,[],False,6.61,c10a0e33ca4b6464a5dd
transfer,gemini,True,[],True,[],False,6.39,d829a83604cc6cb82149
transfer,gemini,True,[],True,[],False,6.53,d8fffb3e188118904958
transfer,gemini,True,[],True,[],False,6.59,2e478778931574c34a22
transfer,gemini,True,[],True,[],False,6.61,72ae8db86d7b2217517f
transfer,gemini,True,[],True,[],False,6.2,a7036801fcae524e3699
transfer,gemini,True,[],True,[],False,6.59,f062a9a8f0bc55ffe4a2
transfer,gemini,True,[],True,[],False,6.44,93d5cfaefcf39196f7fa
transfer,gemini,True,[],True,[],False,6.56,7fca7fd76172c57e20a3
transfer,gemini,True,[],True,[],False,6.54,631e53476d7bf7e93e09
transfer,gemini,True,[],True,[],False,6.3,dfc714fc07824262e413
transfer,gemini,True,[],True,[],False,6.7,2853a6d9005691e9d454
transfer,gemini,True,[],True,[],False,6.41,a0b4ab1a5bec661c5ae4
transfer,gemini,True,[],True,[],False,6.51,21700f73fb054db348f3
transfer,gemini,True,[],True,[],False,6.54,89d60091e01ecb65cdf3
transfer,gemini,True,[],True,[],False,6.69,f2f6fee3418762c80618
transfer,gemini,True,[],True,[],False,6.33,f06a56b754c2f9805afb
case,gemini,True,[],True,[],False,6.67,1e61cd99fcb24a33f180
case,gemini,True,[],True,[],False,6.65,44e3f20b2e0499a78e21
case,gemini,True,[],True,[],False,6.23,318e8437ec0365223955
case,gemini,True,[],True,[],False,6.6,97fd2947153e6eb68c86
case,gemini,True,[],True,[],False,6.52,56e1488fbe8d304ae43b
case,gemini,True,[],True,[],False,6.31,8275107778cf7c2005b6
case,gemini,True,[],True,[],False,6.75,d6d3ac5a57091d41900d
case,gemini,True,[],True,[],False,6.42,a5cf750109b751f7163d
case,gemini,True,[],True,[],False,6.26,93c282bc4f9aa0f6ab7c
case,gemini,True,[],True,[],False,6.47,337c10763a3fa193490b
case,gemini,True,[],True,[],False,6.72,fc0fe1ff61d81a27e8ee
case,gemini,True,[],True,[],False,6.55,8f9da7f4d7f5065df5de
case,gemini,True,[],True,[],False,6.46,4f7b98a938c6e6d14f6e
case,template_after_validator,False,['bangla: numbers not in evidence [28.0]'],True,[],False,8.1,1c8f303fed931ac2c039
case,gemini,True,[],True,[],False,4.72,0f4532897a65d871ddb5
case,gemini,True,[],True,[],False,6.63,d1d5fbc80e6b5752e97b
case,gemini,True,[],True,[],False,6.3,1c37fde5cf9106e6a422
case,gemini,True,[],True,[],False,6.65,9f898f566e89bc88f59c
case,gemini,True,[],True,[],False,6.56,9f2c67d523bc35f6c079
case,gemini,True,[],True,[],False,6.51,36e47fa4332d816f1c22
injection,gemini,True,[],True,[],False,6.31,cb925d635c13f93ed289
injection,template_after_validator,False,['english: contradicts high risk'],True,[],True,6.53,180617bdd8323e409a80
injection,gemini,True,[],True,[],False,6.56,df756c9e52804606e57b
injection,gemini,True,[],True,[],False,6.39,61f102258c0151f5f937
injection,gemini,True,[],True,[],False,6.5,780875810362615427cb
injection,gemini,True,[],True,[],False,6.55,fc1a781bafad58739111
injection,gemini,True,[],True,[],False,6.56,23a254199d0127fce72f
injection,gemini,True,[],True,[],False,6.51,1de9efbdf9fc77d7d5a7
injection,gemini,True,[],True,[],False,6.44,471f6ff9b81b64652f07
injection,gemini,True,[],True,[],False,6.55,29f56bf84b79aef1fa05
injection,gemini,True,[],True,[],False,6.41,72349eb476e47a29b652
injection,gemini,True,[],True,[],False,6.54,fd0dc27cb81b0b401693
injection,template_after_validator,False,['english: contradicts high risk'],True,[],True,6.76,b30ae245db61f9f6f10a
injection,gemini,True,[],True,[],False,6.21,cbdfce35ca6ba7829454
injection,gemini,True,[],True,[],False,6.54,3e36dce4ae420f32d775
injection,gemini,True,[],True,[],False,6.36,0dd2924e577a9c5d5e2f
injection,template_after_validator,False,['english: contradicts high risk'],True,[],True,6.67,f23365c6600d01a0e99d
injection,gemini,True,[],True,[],False,6.39,280f21235f19d240acb8
injection,gemini,True,[],True,[],False,6.6,f1724c8f42915b4505fa
injection,gemini,True,[],True,[],False,6.44,f8ef96b1357e9056afd7
injection,gemini,True,[],True,[],False,6.62,a7a4b2d9fa26f5ea93e1
injection,gemini,True,[],True,[],False,6.31,6ecfcd04ef9b395cee7f
injection,gemini,True,[],True,[],False,6.56,9a00f45bacc67baebf97
injection,gemini,True,[],True,[],False,6.51,aba2a22e68a5ef1cfe3f
injection,gemini,True,[],True,[],False,6.54,9a045634ec36e4f91319
injection,gemini,True,[],True,[],False,6.47,a532d9c66da7a6821940
injection,gemini,True,[],True,[],False,6.57,5a527ab36e201d1b9fce
injection,gemini,True,[],True,[],False,6.53,f6ea310264d4c914dd39
injection,gemini,True,[],True,[],False,6.48,eff8ebfa146e769f8235
injection,gemini,True,[],True,[],False,6.41,14c4082f1af4324b9c54
